softmax,sv,hybrid,is_correct
0.043823178857564926,0.7728337193178105,0.20115099504539605,1
0.33863237500190735,0.5740246549431287,0.38943239954921566,1
0.3633025884628296,0.0,0.2848982312059948,1
0.0903274416923523,0.301752017877627,0.13595499440053005,1
0.9766865968704224,0.22236973688155626,0.8138974220790849,1
0.06286031752824783,0.31171306298293044,0.11656524608801046,1
0.23107539117336273,0.33600522159551255,0.25372030528236045,1
0.4219711720943451,0.48441040115773754,0.435446186525266,1
0.5825790166854858,0.449909354985855,0.5539475676307112,1
0.5591962933540344,0.5826823480290788,0.5642648204710222,1
0.12986506521701813,0.5125511581370225,0.21245257793877817,1
0.5794395804405212,0.7937980173738073,0.6257002898437892,1
0.1282670646905899,0.8539416168478305,0.2848749410073067,1
0.02987087517976761,0.5943421025178929,0.1516894505900841,1
0.05686727911233902,0.2736318908176902,0.10364726526298615,1
0.9523305892944336,0.4584982002039404,0.8457565865517895,1
0.9011765122413635,0.4628752413318909,0.8065866840325646,1
0.45761677622795105,0.2417065871457864,0.41102118308391605,1
0.25290173292160034,0.4230322231949691,0.2896176060347323,1
0.18689607083797455,0.5478364806048949,0.26479064614373055,1
0.5558351874351501,0.5287573407009021,0.549991515420369,1
0.43087345361709595,0.6192210913082574,0.47152077060016656,1
0.8833380937576294,0.606559786892031,0.8236065478188851,1
0.24579206109046936,0.6931919210120402,0.3423454564361169,1
0.32823964953422546,0.5484122851846643,0.3757551215729888,1
0.8452088832855225,0.7185714534149585,0.8178792506075133,1
0.9766963720321655,0.4377157019359775,0.8603789155792689,1
0.5985921621322632,0.21067319519334665,0.5148753424991631,1
0.2511999309062958,0.43090965220053695,0.28998309854211207,1
0.6130677461624146,0.399153875863821,0.5669029787159554,1
0.2692219316959381,0.3918081467977121,0.2956772714287736,1
0.5322548151016235,0.4125550215002323,0.5064223941964995,1
0.3598727583885193,0.5966926328817898,0.41098087221686,1
0.9342036843299866,0.48088195022945734,0.8363722888998321,1
0.5266232490539551,0.3647375781225477,0.4916866909849033,1
0.9947605729103088,0.3219241747053995,0.8495557023271832,1
0.5574041604995728,0.2804645815689903,0.4976378104251022,1
0.4353950321674347,0.30168636495319745,0.4065393552592233,1
0.37164950370788574,0.2730626875387915,0.35037347595250845,1
0.6615539193153381,1.0,0.7345939918742781,1
0.043823178857564926,0.8070186444227457,0.2085284461449488,0
0.33863237500190735,0.6442267788413131,0.40458272486231195,0
0.3633025884628296,0.17419516955906408,0.32249130304264406,0
0.0903274416923523,0.4212803519563935,0.16175041261397535,0
0.9766865968704224,0.35627934378754483,0.8427964637963546,0
0.06286031752824783,0.42943680659760175,0.1419712155060375,0
0.23107539117336273,0.44932808183689066,0.2781765197489976,0
0.4219711720943451,0.5708474708993078,0.45410017664663116,0
0.5825790166854858,0.5425967988864517,0.5739504514404662,0
0.5591962933540344,0.6513160029344214,0.5790766543800762,0
0.12986506521701813,0.5938901140601741,0.2300063437571827,0
0.5794395804405212,0.8241849502040004,0.6322580959624805,0
0.1282670646905899,0.8734326481998346,0.289081301858994,0
0.02987087517976761,0.6608634206612022,0.166045420953442,0
0.05686727911233902,0.3982546013002428,0.13054210120767648,0
0.9523305892944336,0.5496296479199707,0.8654236707151364,0
0.9011765122413635,0.5532137233905078,0.82608263822142,0
0.45761677622795105,0.37211303798495954,0.4391642084431655,0
0.25290173292160034,0.4872091665888981,0.3034676367179684,0
0.196078822016716,0.5966945805265957,0.28253573713484237,0
0.6179466843605042,0.5756279733963844,0.6088138803606256,0
0.41702306270599365,0.640397489231149,0.46522951345940117,0
0.5588003396987915,0.6467830011420762,0.5777878840743863,0
0.21171922981739044,0.8305818010026799,0.345276004982121,0
0.21931998431682587,0.6251479813096084,0.3069017529898097,0
0.9272593855857849,0.7504080018059937,0.8890930759706939,0
0.9773775935173035,0.5024080080327661,0.8748743737521337,0
0.6276119947433472,0.3920441959140277,0.5767740914524109,0
0.6210412979125977,0.2964743490356172,0.5509964817686157,0
0.18706898391246796,0.4534898041364837,0.24456527992809585,0
0.3692511022090912,0.6392129889166905,0.42751159603245775,0
0.8768998384475708,0.5719069034552596,0.8110792916215073,0
0.29727810621261597,0.4537567507319909,0.3310477735300773,0
0.4772302210330963,0.4069290977648254,0.4620585306589545,0
0.48174911737442017,0.4640312827615217,0.4779254302361455,0
0.22449666261672974,0.4134452767288392,0.26527367636362004,0
0.7446323037147522,0.6743025484295659,0.7294544342630191,0
0.8945358395576477,0.5219274178045982,0.8141231897616761,0
0.30678480863571167,0.0,0.2405775574322015,0
0.5504933595657349,0.36654538843428575,0.5107955349334293,0
0.9760480523109436,0.5165133482922433,0.8768758354042582,0
0.9763423800468445,0.47805371159775367,0.8688066673413123,0
0.6807714104652405,0.30821916489111156,0.6003708840544065,0
0.4426046907901764,0.4216232130296509,0.4380766765938754,0
0.8985374569892883,0.4717268243849363,0.8064274242440879,0
0.3508165776729584,0.4904859938135408,0.38095864422765385,0
0.9673545956611633,0.5502678160121182,0.8773430683085245,0
0.5556869506835938,0.5430911516120259,0.5529686503969896,0
0.9896066784858704,0.6935780797364152,0.9257207256970502,0
0.6277772784233093,0.9362113837783625,0.6943404644682223,0
0.9574649333953857,0.6218570949669909,0.8850373820980842,0
0.347905695438385,1.0,0.48863421332844414,0
0.043823178857564926,0.737377253133311,0.19349913257572138,1
0.3054848909378052,0.1449836348961695,0.2708471035438224,1
0.3594212830066681,0.3603883524465665,0.359629986330745,1
0.3074686825275421,0.1615382075374227,0.2759754164206436,1
0.14437934756278992,0.16684248333535234,0.14922711847923897,1
0.667870819568634,0.1929541702620406,0.5653790239637625,1
0.865875244140625,0.6034441621365518,0.8092399738118252,1
0.25177550315856934,0.6159283607248469,0.33036335705062836,1
0.04533989354968071,0.46472737653676505,0.13584793585207763,1
0.5182357430458069,0.5270759814021664,0.520143555509407,1
0.33403047919273376,0.11711178749052546,0.2872172410270904,1
0.4621995687484741,0.5243851497214908,0.4756198433671094,1
0.3418511152267456,0.5180906458838613,0.37988538077624945,1
0.5429885983467102,0.5866315035209281,0.5524071767925273,1
0.6703149080276489,0.44326573083630777,0.6213154090736204,1
0.931768536567688,0.3138671455217081,0.7984191937566586,1
0.9259571433067322,0.3417379513634083,0.799876758261223,1
0.1997630000114441,0.7457710344757998,0.31759703246460247,1
0.11409356445074081,0.492377466254549,0.19573103999702274,1
0.12837079167366028,0.6261683606563911,0.23580052016869713,1
0.7564889788627625,0.40121604221035917,0.6798175013298414,1
0.6953732967376709,0.2820090184384774,0.6061651226640652,1
0.4657371938228607,0.22791960266641562,0.4144137626910247,1
0.9763405919075012,0.5194274135297179,0.8777341266344004,1
0.8915615081787109,0.7282984139449524,0.8563276882895647,1
0.8474805355072021,0.33709325431582643,0.7373338203318781,1
0.1000622883439064,0.6497302000459358,0.21868615916202894,1
0.8734481930732727,0.36739505119847626,0.7642368288097486,1
0.24553583562374115,0.3206835456162114,0.2617534682208881,1
0.24300265312194824,0.0,0.1905602334013928,1
0.2458122968673706,0.16682983735306633,0.22876708670527293,1
0.35948634147644043,0.18449498650092658,0.32172144480887505,1
0.7479965090751648,0.6838557210607245,0.7341542810869279,1
0.3497685492038727,0.17545091119692915,0.3121490474428431,1
0.6078603267669678,0.2424576563602121,0.5290027506775976,1
0.35755065083503723,0.31569299432104886,0.34851734702858117,1
0.9483017325401306,0.1811464898222555,0.782741905465956,1
0.38967540860176086,0.5183476670555839,0.4174441777799345,1
0.5060654282569885,0.38083082284682657,0.47903853922478534,1
0.24377046525478363,0.9085612586860812,0.3872390133038843,1
0.9693332314491272,0.26946193450265843,0.8182939574605538,1
0.6282129883766174,0.28673325864881327,0.5545182238035723,1
0.8583752512931824,0.21724755806235854,0.7200134385684077,1
0.6602626442909241,0.27232368862565587,0.5765415108893793,1
0.9347500801086426,0.6037297441810945,0.8633125580498193,1
0.5065528750419617,0.1897812152045699,0.4381903607757786,1
0.844517707824707,0.36520290970279823,0.7410767474135957,1
0.35935482382774353,1.0,0.4976125045120543,1
0.043823178857564926,0.6338626934848305,0.17115964815227427,0
0.3054848909378052,0.04898597185359372,0.25012984110741276,0
0.3594212830066681,0.2616574138581318,0.33832285550587826,0
0.3074686825275421,0.06533048313181343,0.25521282062665235,0
0.14437934756278992,0.07056745284892996,0.1284499973551972,0
0.667870819568634,0.0963478079638108,0.5445303980980303,0
0.865875244140625,0.5016290826413651,0.7872672543202041,0
0.25177550315856934,0.6562533906768961,0.3390659046105847,0
0.024412812665104866,0.26664294120258103,0.0766885138005632,0
0.6200670599937439,0.2912534262673966,0.5491057664927035,0
0.61147141456604,0.4012074698410918,0.5660943378152288,0
0.8788526654243469,0.013606681114320314,0.6921238684842563,0
0.2813480794429779,0.4662914863505677,0.32126072914038684,0
0.15572141110897064,0.1970576208036457,0.16464218144054873,0
0.23798063397407532,0.3399819654134487,0.2599935485109165,0
0.9202821254730225,0.3280363469471558,0.7924695222106453,0
0.8242601752281189,0.4274482717863269,0.7386241703406997,0
0.289459228515625,0.0287491207262639,0.23319536175356276,0
0.642989456653595,0.4669474551918018,0.6049978198936746,0
0.7436232566833496,0.44058513969129404,0.6782245792678857,0
0.2315191924571991,0.6189298812570035,0.31512632054922485,0
0.951568603515625,0.3657789918844462,0.825149306086445,0
0.7990263104438782,0.5376589191791676,0.7426205952886118,0
0.2345215231180191,0.7382788981259994,0.343237437771988,0
0.6085828542709351,0.46276169180244386,0.577113178907044,0
0.9122359752655029,0.6261813766863203,0.8505025121573605,0
0.3720141351222992,0.769897469921881,0.45788136568666093,0
0.9867384433746338,0.4461184981865729,0.8700672148484657,0
0.8508870601654053,0.6205285434722002,0.8011733724199174,0
0.4811164438724518,0.6474980208453999,0.5170232637416343,0
0.8051086068153381,0.0,0.6313580615566695,0
0.5617411732673645,1.0,0.6563218415953647,0
0.043823178857564926,0.578939803703919,0.1593067354323834,1
0.5661076307296753,0.18636812581206522,0.48415602137267216,1
0.3290371298789978,0.43586336925497676,0.35209130813816353,1
0.4091959297657013,0.20163081207709835,0.36440128706807784,1
0.6768481135368347,0.09184267950753615,0.550598049531261,1
0.13675597310066223,0.23832620091841333,0.15867585113449525,1
0.2228720784187317,0.4203936787587303,0.26549922892851524,1
0.10754106193780899,0.7499884381332752,0.24618767553632187,1
0.06701266020536423,0.6060265305289244,0.183337281601673,1
0.9581486582756042,0.5885737061469815,0.8783906617733723,1
0.5100299119949341,0.3395997126628224,0.47324935864868234,1
0.22597213089466095,0.1787713693750651,0.2157857312198464,1
0.7394490838050842,0.5745208487398317,0.7038559097555734,1
0.08983667194843292,0.5474289753238236,0.18858969923519764,1
0.04811880737543106,0.5109685124977246,0.14800643490424456,1
0.4762444496154785,0.36079269899807576,0.4513287991665416,1
0.298928827047348,0.15511618064213145,0.2678926096768266,1
0.20081853866577148,0.7938231521436703,0.3287949061527026,1
0.8093938231468201,0.6319669847892712,0.7711033246386896,1
0.23785069584846497,0.4691606085107084,0.2877697044251773,1
0.2727319598197937,0.3455428564537769,0.2884452845611211,1
0.71946120262146,0.38489166243704986,0.6472577265414725,1
0.38851386308670044,0.5123727321509505,0.41524385436099753,1
0.8283281922340393,0.5816564135477574,0.7750939382664904,1
0.8588884472846985,0.5312006300135704,0.7881701163123153,1
0.9904547333717346,0.41912232771707036,0.8671554465846869,1
0.160618394613266,0.7330806995291038,0.28416152503961195,1
0.12816427648067474,0.568408304620925,0.22317337126456105,1
0.16293686628341675,0.9870954746894979,0.34079859372986837,1
0.5670812726020813,0.3032195168134383,0.5101372484628613,1
0.434854120016098,0.32823891515328074,0.41184548513011177,1
0.1319260448217392,0.14071396461987917,0.13382256641359752,1
0.8192135095596313,0.357527038597073,0.7195769196769274,1
0.47400057315826416,0.6107832567752463,0.5035196537633057,1
0.8036768436431885,0.36278366546456325,0.7085276557437056,1
0.11725451052188873,0.17522983391958447,0.12976616915604827,1
0.493925541639328,0.2746437821974758,0.4466023296580148,1
0.4774400293827057,0.588291322383693,0.5013628547487592,1
0.1482754498720169,0.6045593960208601,0.24674612049338093,1
0.23274315893650055,0.49253367059828135,0.2888085675933677,1
0.4575278162956238,0.4852604281137217,0.46351279320936173,1
0.6590214967727661,0.5581618917733048,0.6372549782995015,1
0.6898790597915649,0.6043437112748525,0.6714196701913767,1
0.17849883437156677,0.3988946764926268,0.22606247661450804,1
0.6955252885818481,0.5581057609568378,0.6658687706264877,1
0.874747097492218,0.34964618325359564,0.7614250321305291,1
0.09885860979557037,0.26558765067358764,0.13484041587462872,1
0.5980609655380249,0.32422584096189044,0.5389645879768896,1
0.2027856856584549,0.14996161839949282,0.19138571997515375,1
0.6527450680732727,0.0,0.5118761088638341,1
0.8516755104064941,0.4326977182802762,0.7612558835176954,1
0.4059726595878601,1.0,0.5341697418466504,1
0.04379323869943619,0.5411216972301272,0.15112172843471008,0
0.5656809210777283,0.1804167869320425,0.48253704109710444,0
0.32922130823135376,0.4100042995103984,0.34665509128067545,0
0.4087618887424469,0.1941274159531085,0.36244160802160247,0
0.6781430840492249,0.09343789967835542,0.5519578169436273,0
0.13700497150421143,0.22806109953103448,0.15665580092011455,0
0.22295580804347992,0.3947725837734693,0.2600355985400175,0
0.10755286365747452,0.6984396882105799,0.2350721909670796,0
0.0666307583451271,0.5657783006841335,0.17435182468545835,0
0.9580758810043335,0.549312434957368,0.8698606128637923,0
0.5140082836151123,0.32161079130119924,0.47248696722008054,0
0.22601638734340668,0.17351775066966846,0.21468665285767047,0
0.7397432923316956,0.5371500719273994,0.696021635137898,0
0.08995374292135239,0.55211040316102,0.1896918043851336,0
0.0861140787601471,0.27473749061531083,0.1268209105850143,0
0.47467589378356934,0.15884696959298658,0.40651683136385924,0
0.7800052165985107,0.29251009436456255,0.6747988598634406,0
0.40442150831222534,0.1917359988487894,0.3585218335042952,0
0.19904784858226776,0.24843556562440025,0.2097062152827489,0
0.20005883276462555,0.44237103427434726,0.25235224607401663,0
0.28104647994041443,0.2267562662131352,0.26933010508431005,0
0.40692469477653503,0.2288481057814206,0.3684939735374542,0
0.6798194050788879,0.5373245106436112,0.6490675718540018,0
0.6156461238861084,0.4441734513770787,0.5786405943299717,0
0.3491819202899933,0.6482981324680138,0.4137342111507454,0
0.9266294836997986,0.2648810830107807,0.7838175146431311,0
0.18334132432937622,0.14928133870376686,0.17599083642767455,0
0.6768215894699097,0.1563018283056545,0.5644881830765224,0
0.911213219165802,0.6144295497311352,0.847164314519116,0
0.9928632378578186,0.3743628252609334,0.8593846201636114,0
0.6134061217308044,0.23965789747248864,0.532747491075728,0
0.8790838718414307,0.2878492766077026,0.7514894921166958,0
0.9695876836776733,0.45260306016592494,0.8580171955905717,0
0.5564472675323486,0.7336045223756792,0.5946795872032494,0
0.884321391582489,0.25233098193408704,0.7479314966725155,0
0.9701317548751831,0.37289195460486196,0.841241391427674,0
0.46208035945892334,0.16300748871892842,0.39753742211697035,0
0.7788862586021423,0.14661266554366592,0.6424352498604545,0
0.9759471416473389,0.29995483419275665,0.8300611940663081,0
0.37286287546157837,0.6826492084526693,0.4397178858480604,0
0.9252034425735474,0.34334661057160837,0.7996328785937159,0
0.18288712203502655,0.0,0.14341823932109113,0
0.9619666337966919,0.24737072094055562,0.8077496394094393,0
0.7922104597091675,0.07140977448716924,0.6366544129597264,0
0.6022844910621643,0.08689494751521112,0.4910582372948403,0
0.8845292925834656,0.08317632292747434,0.7115892516452159,0
0.3711526691913605,0.15859773185991244,0.32528117316444993,0
0.4902433454990387,0.35367437839272864,0.4607703870692487,0
0.992222011089325,0.3742625182272547,0.8588601293212644,0
0.7140575051307678,0.22954651295908912,0.6094951537150459,0
0.7945327162742615,0.08497853938537539,0.6414037792819299,0
0.9624402523040771,0.42752118294328617,0.8469993301925408,0
0.40178781747817993,0.6604007972929665,0.457599102904041,0
0.9335828423500061,0.32993862135430535,0.8033103404137504,0
0.24849341809749603,0.15050521359676414,0.22734657676851605,0
0.9224224090576172,0.3907153881416224,0.8076746793476478,0
0.8437071442604065,0.2316804024337074,0.711625609912003,0
0.5845009684562683,0.37949893184427647,0.5402594644666818,0
0.9235767126083374,0.4490776122166147,0.8211750282642533,0
0.7501985430717468,0.2975153683482099,0.6525049551858084,0
0.4356304407119751,1.0,0.5574270751332241,0
0.043823178857564926,0.5236103942327093,0.1473660916694385,1
0.3054848909378052,0.25328780577149274,0.29422023430416905,1
0.5120688080787659,0.0,0.40155920246719773,1
0.1980500966310501,0.20448757954692182,0.19943937027346023,1
0.4859994947910309,0.23709866253086706,0.4322841886143835,1
0.20565608143806458,0.12829846201558898,0.1889615281308602,1
0.8319827914237976,0.4431457900241606,0.7480678507089376,1
0.5779783725738525,0.1403086637424121,0.48352484182168726,1
0.8261518478393555,0.4109170665271104,0.7365400003784893,1
0.30802392959594727,0.31876537309239666,0.31034204127501086,1
0.46683433651924133,0.20362394417861981,0.4100308831717099,1
0.6839082837104797,0.527386272884686,0.6501292575073694,1
0.10848665982484818,0.6170497396670079,0.21823969397825185,1
0.0895879864692688,0.9476201796760675,0.2747599746422467,1
0.0428176075220108,0.5334721815268703,0.14870580576674472,1
0.1721230149269104,0.7556031006002959,0.2980438933961405,1
0.14542220532894135,0.6750311869170965,0.259717157023497,1
0.9605383276939392,0.35346732024648575,0.8295262907316797,1
0.9811211228370667,0.9577149521997225,0.9760698354998927,1
0.6365532279014587,0.2873410082929313,0.5611897141415215,1
0.8789088726043701,0.3046982922046674,0.7549884467224638,1
0.2452518790960312,0.25043516126759924,0.24637048358729585,1
0.15081870555877686,0.18143893385086068,0.1574268591875639,1
0.5096224546432495,0.3061220755422412,0.46570502346709036,1
0.8155031800270081,0.2332330729598692,0.6898434271261882,1
0.23631589114665985,0.6529156147467866,0.3262223068990068,1
0.09704314172267914,0.45702728836793377,0.17473134581665864,1
0.24449922144412994,0.26649477128290067,0.24924608260720676,1
0.1609838753938675,0.3903874929544097,0.21049148629014183,1
0.4757133424282074,0.428651834408997,0.46555699506113907,1
0.5149881839752197,0.41198945789550817,0.4927600216306544,1
0.6987473964691162,0.4033015977180295,0.634987217789076,1
0.9022378921508789,0.4491765436484822,0.8044626905550346,1
0.27675798535346985,0.43959748099362894,0.31190038840023504,1
0.7928541898727417,0.7697828872813537,0.7878751704321993,1
0.17729467153549194,0.24524798613137846,0.191959681154346,1
0.8159481883049011,1.0,0.8556684227765766,1
0.9998499155044556,0.24161532441571137,0.8362152548879531,1
0.9683119058609009,0.512184584352066,0.8698750364141511,1
0.9041245579719543,0.34613215908421735,0.7837041789867699,1
0.4392034113407135,0.4335173212235892,0.43797629583123177,1
0.2479533851146698,0.2909002766118646,0.25722175679972614,1
0.8274192214012146,0.3129141317242519,0.7163838416859951,1
0.5482099056243896,0.49605551664771913,0.5369544632584534,1
0.9512059092521667,0.33747107356506584,0.8187557510471984,1
0.34760329127311707,0.7698550906834837,0.4387294819049763,1
0.04420109838247299,0.45792814883206556,0.13348756233945958,0
0.3056139051914215,0.22164242633770206,0.2874920144135765,0
0.5117589235305786,0.0,0.4013161941252254,0
0.19864337146282196,0.1792683076917777,0.1944620375829662,0
0.48480167984962463,0.2078715246975611,0.4250373635214614,0
0.20631496608257294,0.11243574033997575,0.18605488374938386,0
0.8324947953224182,0.38818593136824203,0.7366084680346462,0
0.5785638093948364,0.12337302709714669,0.48032905454134156,0
0.8253462314605713,0.35982263405309317,0.7248815510489778,0
0.30634739995002747,0.27933902003430555,0.30051871957425513,0
0.4640197157859802,0.17852370545468188,0.40240680164703707,0
0.6852952241897583,0.4609011575093655,0.6368687248224862,0
0.10783359408378601,0.5395454682126697,0.2010013641083086,0
0.08973465859889984,0.8283521927879793,0.24913576078137983,0
0.04277334362268448,0.4663255190833452,0.13418016850173387,0
0.1720290631055832,0.6085723439164884,0.26623949934713725,0
0.514131486415863,0.7256615592620393,0.5597818063658755,0
0.9996174573898315,0.8280715688638205,0.9625961270799028,0
0.9887087941169739,0.6410829662412385,0.9136876396688527,0
0.9997058510780334,0.3611138342171528,0.8618912628496157,0
0.3531235158443451,0.17890548056878935,0.315525509355806,0
0.2825354337692261,0.29592058494194373,0.2854240841884891,0
0.9031267762184143,0.2262963014714001,0.7570599436948486,0
0.7035224437713623,0.36067046494456556,0.6295315340234148,0
0.7769626975059509,0.24778910818322963,0.662761707846927,0
0.12793415784835815,0.34203099194674674,0.17413841072536396,0
0.5157225728034973,0.2617596640148488,0.46091481953397345,0
0.6048094034194946,0.3031782164544169,0.5397143556724492,0
0.15264098346233368,0.6308392573802841,0.2558409867061881,0
0.12180303037166595,0.6099940953475269,0.22715957855898553,0
0.24919919669628143,0.7372312980750051,0.3545214389384837,0
0.5962771773338318,0.7493812905226627,0.6293185868066854,0
0.10119786113500595,0.7801048255278582,0.24771282103559145,0
0.8219863772392273,0.5096842534013898,0.7545884338525528,0
0.9997689127922058,0.7982757745268804,0.9562846644024597,0
0.994120180606842,0.6356826163562003,0.9167657445685965,0
0.5927127003669739,0.2589285432881424,0.5206787178704311,0
0.859775722026825,0.7949372032795663,0.8457829167198951,0
0.9965722560882568,0.3683165679890635,0.8609883516994021,0
0.9559566974639893,0.5183358492871757,0.8615137113331474,0
0.9845637083053589,0.2145117116719746,0.8183787325642351,0
0.8811074495315552,0.34899065263737356,0.7662712860388128,0
0.8614909648895264,0.7696759657619304,0.8416763634478068,0
0.734825849533081,0.9478903555945866,0.7808073156235888,0
0.9670917391777039,0.8582373808894342,0.9435998724329387,0
0.1557399481534958,0.9964712661191437,0.3371782332196435,0
0.17026115953922272,0.771221400216506,0.2999544314935344,0
0.9882340431213379,0.7933627162373647,0.9461788483131464,0
0.9973737001419067,0.30272485471923727,0.8474614837852675,0
0.8887367844581604,0.08405117539742507,0.7150775263747664,0
0.8835100531578064,0.8381094823669947,0.873712152771222,0
0.9950724244117737,0.17833538403792046,0.8188123460861463,0
0.9750159382820129,0.7404964937497237,0.924404280405908,0
0.8059999942779541,0.2114751574330323,0.6776955472788934,0
0.34642699360847473,0.43002960008745184,0.3644692780130928,0
0.8878213763237,0.7082380000035338,0.8490654752056558,0
0.8415096998214722,0.7540104007949966,0.822626469923163,0
0.9325984120368958,0.6248492302007005,0.8661830393849269,0
0.8967429399490356,0.8575612797670115,0.8882871430998435,0
0.9449118375778198,0.5206711739110873,0.8533564300104268,0
0.29307931661605835,0.41241731474581206,0.31883365841491396,0
0.8369857668876648,0.6617392834466765,0.7991658109279592,0
0.43128618597984314,0.3252092849562511,0.4083937224833918,0
0.8062149286270142,0.5903734505604881,0.7596341640121135,0
0.9999469518661499,0.6439562486034822,0.9231205730704103,0
0.9859334826469421,0.681536262690022,0.9202414971247098,0
0.9992421865463257,0.5104434009103714,0.8937544861204604,0
0.7543758153915405,0.5494779899664479,0.7101568012255537,0
0.9562719464302063,0.7126311375955776,0.9036918062802584,0
0.8040614128112793,0.40260506054618095,0.7174230890955129,0
0.9549952149391174,1.0,0.9647077007793925,0
0.9986451268196106,0.44995194312510267,0.8802316121215843,0
0.7291039824485779,0.1972881406206875,0.6143327680899322,0
0.6878170967102051,0.17361675126194803,0.5768474838684904,0
0.988353967666626,0.23601644204805358,0.8259919531654363,0
0.946800172328949,0.7519799798175634,0.9047560128333146,0
0.9871487021446228,0.2682784450993139,0.8320092612362361,0
0.542264461517334,0.43023914304092314,0.5180882696305705,0
0.9578980207443237,0.9189475012162993,0.9494921063759844,0
0.2502317428588867,0.8326184548906901,0.3759166602853604,0
0.9949831962585449,0.7877116395258538,0.9502519069715353,0
0.9995700716972351,0.8275409600665488,0.9624444569749819,0
0.9625104665756226,0.41886643686021074,0.8451866101541772,0
0.5402805805206299,0.4037385119347565,0.5108134270624338,0
0.959014356136322,0.8993376763976536,0.9461355276701412,0
0.15608248114585876,0.8972560556021922,0.31603520255881157,0
0.6965975165367126,0.7867430774069317,0.7160518363902842,0
0.9994476437568665,0.5660494674969243,0.9059159527504266,0
0.6836408376693726,0.25014197464624194,0.5900874174454629,0
0.7977467775344849,0.41541724422148174,0.7152362139666765,0
0.9926090836524963,0.2690055722556417,0.8364481587884454,0
0.9782742857933044,0.5236823525586404,0.8801687685983659,0
0.9960904717445374,0.36839073791582877,0.8606265478860333,0
0.5470897555351257,0.7631139967363023,0.5937099622750142,0
0.0438324511051178,0.732649324445258,0.1924860691550255,1
0.30573770403862,0.821330481891472,0.41700781781584345,1
0.3888324797153473,0.5415926039468133,0.4217996529070343,1
0.1238582655787468,0.43908632207969467,0.19188765469994956,1
0.4170849323272705,0.22773202191419464,0.3762206673671347,1
0.16487357020378113,0.0,0.12929219338188253,1
0.01943994127213955,0.22863911618518284,0.06458722997469571,1
0.3622592091560364,0.4392002009915081,0.37886385003428524,1
0.3064318597316742,0.739882865767541,0.39997495193578486,1
0.3679249584674835,0.5866516902368968,0.41512838988763573,1
0.14900022745132446,0.41998365286367356,0.20748117961465987,1
0.2615745961666107,0.41120661301699213,0.29386669228361467,1
0.8561261296272278,0.601754153674868,0.8012300955442327,1
0.1430993527173996,0.870484772267999,0.30007645144702444,1
0.04172337055206299,0.6862826750874654,0.18082575955467028,1
0.13928964734077454,0.6008175993261244,0.23889202723181935,1
0.1800123006105423,0.39338721557112266,0.22606075606746706,1
0.6940826773643494,0.7130765616700205,0.6981817488768806,1
0.3794969320297241,0.7968444006915463,0.46956471869660893,1
0.1781046837568283,0.5521504922080877,0.25882753607758635,1
0.31387627124786377,0.46399502330639325,0.3462734097244903,1
0.5907753705978394,0.39772166965238115,0.5491124377717208,1
0.8570037484169006,0.2756672682791901,0.731545481609613,1
0.46520334482192993,0.4357134674863958,0.45883913231285217,1
0.7143235802650452,0.5975821863833791,0.6891296118122289,1
0.6716967225074768,1.0,0.7425478759936764,1
0.04376484826207161,0.782598425836971,0.20321257478289298,0
0.30560219287872314,0.8619642733089374,0.4256707327225271,0
0.3892503082752228,0.6100367505033469,0.4368982459548368,0
0.12453506141901016,0.5179531441341493,0.2094386456158859,0
0.41385331749916077,0.32796143814769246,0.3953169849543612,0
0.16463549435138702,0.12265308738405044,0.1555752681407894,0
0.019592761993408203,0.32857076598537366,0.08627332684153984,0
0.3627927899360657,0.5184881761592183,0.3963934222253395,0
0.3045358955860138,0.7889482865654674,0.4090769678714826,0
0.36669638752937317,0.6508193854838842,0.4280129917703792,0
0.14917291700839996,0.5007799690727871,0.22505325972965534,0
0.2601209878921509,0.4930940465587261,0.3103989201254373,0
0.8559424877166748,0.6652623595638787,0.8147917958024594,0
0.14223815500736237,0.906423512589178,0.30715705096071944,0
0.04154062643647194,0.799127896664672,0.20503558869237454,0
0.49797895550727844,0.6423995251544171,0.5291463688355441,0
0.8979578018188477,0.5815361891263973,0.8296708312517195,0
0.7566254734992981,0.43345488206658445,0.6868820053539136,0
0.44721660017967224,0.3553730378031889,0.42739583450119445,0
0.1646481156349182,0.48952138597177774,0.2347590390347757,0
0.36976203322410583,0.3089474424779041,0.3566376321030793,0
0.8095314502716064,0.0,0.6348264108544912,0
0.700488269329071,0.5038396398164198,0.6580495147151486,0
0.22374287247657776,0.7883207289984165,0.34558445953855693,0
0.18307369947433472,0.5317639657779253,0.2583245704546957,0
0.3076360821723938,0.654355918485384,0.382461714517417,0
0.9356256127357483,0.7736725314224551,0.9006745068274241,0
0.9607100486755371,0.5949672301338563,0.8817790651931622,0
0.954531192779541,0.48779563776973933,0.8538049597122541,0
0.770408034324646,0.37382103999194954,0.6848205670879342,0
0.3011520802974701,0.336112899502854,0.3086969771576007,0
0.8715628981590271,0.9738383487404875,0.8936349703672685,0
0.991775393486023,0.4240237157766539,0.8692488638495651,0
0.4991205930709839,0.39923314088214223,0.4775638749643904,0
0.44451406598091125,0.6592520307346597,0.49085668130989907,0
0.34369054436683655,0.4757343632673032,0.3721869302429537,0
0.7861018180847168,0.6638328810591035,0.7597149501558899,0
0.9756407737731934,0.7011403847315815,0.9164008254408113,0
0.9896815419197083,0.562561787951668,0.8975047976711936,0
0.9503541588783264,0.5075034045162479,0.8547825063245335,0
0.814172625541687,0.3472555740129073,0.7134072236978302,0
0.21842661499977112,0.02361580158024794,0.17638447960661355,0
0.35952794551849365,0.3061117773626331,0.34800019849884434,0
0.8464651703834534,0.4169169941721768,0.7537643481592361,0
0.5855531692504883,0.6574370449903855,0.601066433547237,0
0.722474992275238,0.6135241658976761,0.6989623067453145,0
0.9933602213859558,0.503986661437281,0.8877484788750967,0
0.9893350005149841,0.5286600102117942,0.8899166983447655,0
0.9919136762619019,0.4779610501148711,0.880997523740068,0
0.3806478679180145,0.6515050861573995,0.43910158330244525,0
0.38816070556640625,0.6378137862430849,0.4420383545269128,0
0.7197409272193909,0.6975443171168462,0.7149506752265988,0
0.9768869280815125,0.799406808808723,0.9385849310153035,0
0.9957208037376404,0.5971193103485521,0.909698587317392,0
0.9589660167694092,0.6189803091340725,0.8855936772095824,0
0.8883485794067383,0.49392425694153064,0.8032278385383831,0
0.25042960047721863,0.0917753489339976,0.21619041525439403,0
0.4351761043071747,0.3270511823055759,0.41184165725891725,0
0.7300900220870972,0.5093142750270476,0.6824443925324601,0
0.8158419728279114,0.5875183758329796,0.7665674412461256,0
0.7129228115081787,0.7662489334020627,0.7244311256376756,0
0.4974216818809509,0.5353370540746689,0.5056042010300162,0
0.8172033429145813,0.5257736177379951,0.754309873356095,0
0.391051322221756,1.0,0.522468579350623,0
